CategoryID	CategoryName	Count
2021898	Accessories	102
205865	Acidophilus	20
2765675	ADSL оборудование	12
1981649	Adult Books	81
1980449	Adult Catalogs	8
1980650	Adult Costumes	2
1981044	Adult Dolls	134
1980351	Adult DVD	716
1980447	Adult DVD Catalog	3
1980282	Adult Educational DVDs	109
1987690	Adult Flesh Drives	16
1980280	Adult Games	358
1980440	Adult SAMPLES	4
1366327	Airline	3
214685	Alternative	10
2056975	Alternative Dairy Products	283
206277	Amino Acids	19
1386442	ANCHOVIES	19
2324679	ANTIANEMIC/PRE &POST NATAL VIT	1
2380342	ANTIANGINAL DRUGS	2
2303593	ANTIHISTAMINE & ANTIALLERGIES	3
2283960	ANTIHYPERLIPIDEMIC AGENTS	3
2307067	ANTIRHEUMATIC,ANTIINFLAM,ANALG	2
2382109	ANTITUBERCOLOSIS AGENT	3
4884259	APPAREL	2398
1389597	ASTRINGENT	28
1728014	Automotive Parts and Accessories	327
1382774	BABY BATH SOAP	36
1382778	BABY OIL, LOTION & COLOGNE	85
1980692	Bachelorette	477
1384121	BACON	25
1384307	BAGS	94
1728979	BANANA CATSUP	16
201452	BAR SUPPLIES AND MIXERS	4
1377819	BARQUILLOS	112
2279868	BCAA	73
2278902	Beans or Peanut Butter	317
1376611	BIHON, CANTON & MISUA	42
2288206	BISCUITS	737
337189	Biscuits & Confectionary	962
1729316	Biss	116
1980401	Blowout Items	88
1457193	BODY OIL	65
1353121	Bodyart	35
1980215	Bondage	1103
188185	Breakfast Meals	327
4806277	Breakroom & Cleaning Supplies	1604
1385916	BREWED & BEANS COFFEE	38
1362666	BRUSHES & CLEANING PADS	122
1980358	Bulk Items	32
2013123	Butt plug	168
2562597	Buttermilk	17
2277397	Cachaca	9
1729796	CAKE & PASTRIES	29
1585575	CAKE DECORS	73
214657	Calcium	13
2020974	Candy, Chocolate & Sweeteners	278
2212017	Car Audio	5
1359440	Car Care	576
2027426	Cask	56
1386105	CATHETERS	15
4807507	Cheese or Tofu	138
181515	Cheesecake	175
2281661	CHEMICALS & GALINECALS	23
2570377	Chemicals, Lubricants, and Cleaners	100
1394317	CHICHARON & FISH/PRAWN CRACKERS	143
207123	Chinese Foods	4
2410471	CHOLAGOG,CHOLETHOL,HEPATIC PRO	1
2055428	Cider	180
900735	Cleaning Products	71
2560689	Clearance	21
1374136	CLING WRAP/FILM/WAX	24
2281291	Cocktail Bitters	28
181529	COCKTAILS	170
209111	Coffee subs	18
900461	Computer	42
2044726	Computer - server	218
2013776	Computer Accessories Cases	247
2015230	Computer Power Accessories	187
1388086	CONCENTRATED POWDERED DRINKS	336
908254	Condiments, Cooking Sauces & Pastes	131
2514427	Confec Chocolate	806
2530249	Confec Sugar	363
883240	Confectionery	1032
2520590	Confectionery Cereal	66
231399	Controller FIREWARE IEEE 1394	1
891550	Convenience Foods	109
2521710	Cooking Sauces & Acc	344
1364964	COOKING WINE	7
1730524	CORDIALS	266
7943	COSMETIC	5448
186164	COUGH & COLD	22
1372438	Count Lines	96
210258	Cous Cous/ N. African	71
215365	CPU	35
1388073	Creamer	60
2310657	CULINARY	1324
1375503	Dairies&Decoction	99
2193146	Dairy Products, Wholesale Ingredients	57
1	default	1956452
1373249	DEODORIZER	54
2014173	Desktop Accessories	283
2022351	Desktops	125
1382449	DESSICATED COCONUT	39
949259	DFRAME	4
210851	Digital Camera	756
4905336	Din-рейка	48
189124	DIPS	42
1512257	DIRECT BRANDED	5
2023310	Docking Stations	51
2514216	Dry Legumes or Dry Peas	124
949270	DVD RECORDER	8
1394138	E-Pay	93
978419	Ecological Alternatives	31
979479	Elbow Fitting	215
2765677	Electrical and Audio	172
2277384	Eligible Medical Foods	4
197290	ENERGY BARS	6
212527	Ethnic Foods	39
211695	Evening Primrose Oil	88
4807142	Exempt Infant Formula (EXP)	6
1380354	FACIAL CLEANER, WASH & SCRUB	461
209138	Fake Meats	8
1368584	Fancy items	50
2581076	Fathers Day	6
1731685	FCPM	3
904657	Festive Products	47
1373140	FILLED MILK	44
1376160	FILLING/TOPPINGS(/SYRUP)	17
2613385	Fire Safety and Detection	28
2352182	FIRST AIDS AND INSTRUMENTS	257
1388203	FISH - FRESH WATER	47
207988	Fish Oils	27
1377011	FISH SAUCE	39
1413960	FISH/SQUID BALLS	60
432997	Flash memory	3613
214253	Flavoured Green Tea	15
1980360	Floor / Counter Displays	43
1402781	FLOOR WAX	30
5092258	fm трансмиттеры	4
2583713	FM-модуляторы (Трансмиттеры)	8
4806634	Folders, Binders & Accessories	713
1371118	FOLLOW-ON/GROWING UP MILK	181
206557	Foods Supplements	520
1396417	Fortified Wine	42
1411548	FRENCH FRIES	28
2554771	Frozen concentrate	23
2023762	Frozen Meals	88
183586	FRUIT SNACKS & GRANOLA BARS	23
214672	Fruit Teas	54
2058983	Fruits and Vegetables	10418
2511557	Fruits and Vegetables Canned	321
2508206	Fruits and Vegetables Fresh	1022
2507362	Fruits and Vegetables Frozen	1026
1388827	FTG-FILLED PANDESAL	26
1388854	FTG-PANDESALAN	19
1510108	FTG-QUICK MEALS	8
1373112	Full Cream Milk	99
966682	GACCESSORIES	62
2281065	Generic Breakroom & Cleaning Supplies	1445
2378432	GENITO URINARY SYSTEM	1
1507682	GERMICIDE	35
1376713	Ghee	73
1478242	GINGER POWDERED	7
1375168	GLAZE MIX/GULAMAN/SAGO	54
1377502	GLOVES & MASK	32
222921	Glucosamine	11
208079	Gluten Free	36
949219	GPS	126
2021991	Grains, Beans, & Flour	322
1367139	HABA/SUNDRIES	153
1009426	Hair Extensions	33
1540683	HAIR MEDICATED SHAMPOO	52
602130	Halloween	444
1382000	HAND SANITIZER	399
2527466	Handy Tray Pipe Nipple Assortments - 6	2
1980132	Hardware	10875
1981853	Hazardous Materials	34
2011059	HDD	1104
297057	Health & Personal Care	4379
1388151	HEALTH DRINK	38
2282550	HERBAL	9
2015972	Herbs, Spices & Other Ingredients	47
1980722	Holiday Items	48
1735683	Home	1479
551086	Home Decor	569
1737272	Home Improvement	519
1381385	HONEY SYRUP	36
334545	Hot Drinks	551
894382	Hot Food	158
1980397	HS	348
2013782	Hubs and Switches	371
1659594	IM	45
210591	Indian Foods	101
2285143	Infant Cereal	21
2327040	Infant Formula	103
4807413	Infant Fruits and Vegetables	96
4808086	Infant Meats	2
1373059	INFANT'S MILK	132
2057596	Inkjet Supplies	317
4818645	IP Телефония	26
2534591	Irish	46
2276021	IT Peripherals	1356
2648636	Janitorial Products	17
205988	Japanese Foods	99
1486398	Jet Wash	29
978229	Kitchen - Cookware & Fuel	19
195246	KOSHER FOODS	76
2014245	KVM Switches	63
2562098	Lactose Free milk	4
2562095	Lactose milk - lowfat/skim	7
1739189	Lawn & Patio	368
2381905	LAXATIVES & PURGATIVES	2
1980175	Lingerie	1236
213131	Linseed	5
1376239	LOAF/LUNCHEON MEAT/SAUSAGE	176
1413237	LONGANISA, TOCINO & TAPA	93
550462	Luggage	752
1385192	LUMPIA & CHEESE STICKS	41
1385199	LUMPIA/MOLO/SIOMAI WRAPPER	24
183304	LUNCH MEAT	2
1992260	Mags and Comics	65
1388192	MALLOWS	65
1980458	Manufactures back order	301
1370128	MARINADE	109
186387	MARSALA	6
1385287	MAT, RUGS & POT HOLDER	24
1378962	MEAT NUGGET/MARINATED	42
1378969	MEAT SPREAD	16
4093300	Media	143702
3050776	Media - Action/Adventure	2661
3051588	Media - Action/Comedy	173
3051592	Media - Animation	1485
3051594	Media - Anime	1416
3055068	Media - Ballet	108
3050745	Media - Comedy	3270
3053267	Media - Comedy/Drama	133
3054967	Media - Dance/Ballet	52
3050849	Media - Documentary	3503
3050761	Media - Drama	3343
3051784	Media - Drama/Silent	24
3051955	Media - Exercise	847
3051861	Media - Family	2993
3053371	Media - Fantasy	134
3050790	Media - Foreign	2360
3058379	Media - Games	11
3050831	Media - Horror	1996
3080489	Media - Karaoke	30
3050765	Media - Late Night	1018
3050742	Media - Music	5127
3051791	Media - Musical	238
3051413	Media - Mystery/Suspense	574
3052008	Media - Opera	258
3079179	Media - Satire	3
3051796	Media - SciFi	820
3051798	Media - Silent	226
3053975	Media - Software	3
3050748	Media - Special Interest	8307
3050839	Media - Sports	579
3051483	Media - Suspense/Thriller	404
3050833	Media - Thriller	224
3051487	Media - TV Classics	2826
3052234	Media - VAR	581
3051816	Media - War	256
3051818	Media - Western	668
2538862	MEDICAL FORMULA	79
1369752	MEDICATED LOTION/CREAM/JELLY	10
1371731	MERCURY BRANDED	509
191515	MEXICAN	52
4842140	MicroSD Card	10
210445	Milk non-diary	160
210334	Milks Other	20
1386109	MIXER	11
2740736	Mobil Rack	18
1741292	Mobile Electronics	40
2028736	Mobiles	42
2013646	Modems	33
233200	Monitor	576
2016717	Monitor Accessories	111
232831	Motherboard	271
2533293	Mothers Day	17
2014976	Mounts	157
893569	MP3	176
959187	MP3ACC	4
207080	Natural and Herbal remedies	151
188165	NATURAL DAIRY	8
1362795	NET	84
2013644	Networking Accessories	282
2014120	Networking Cables	584
2013788	Networking Software	84
2013532	NIC	200
2507987	Non Food	389
219585	Oatcakes	22
4806388	Office Consumables	2282
4806396	Office Equipment	3982
1980235	ON Sale	573
2015677	Optical Drives FDD	50
336621	Oriental Food	41
1360309	Other Bottles	81
2023918	Other Consumables	280
1371409	PADS-ABSORBENT	13
2057625	Paper Film	258
1375573	PAPER TOWEL & TABLE TISSUE	26
2154785	Pasta, Tofu, Tempeh, & Alternative Meat Products	7
635485	PDA	34
2513854	PEANUT BUTTER DRY BEANS	211
2325015	Perfumed oil	76
1742887	Personal Care Appliances	1203
1742976	Personal Computer	35
336078	Personal Hygiene	1970
207235	Pesto	12
337596	Pets	24029
1368476	Pickles	59
1360867	Pies & Pasties	58
1980362	Pills/ Sexual Enhancement	104
2727223	PIONEER	17
2527446	Pipe Nipple	422
2277367	Pisco	5
1368086	PLASTIC WARE	447
279491	PLATINUM HYDROWHEY	9
1743591	PORK & BEANS	2
2027019	Portable Audio MP3	97
1371963	Prayers	46
1377346	PRE-NATAL MILK	19
2348746	PRESCRIPTED & OTC DRUGS	6
2025232	Print Servers	10
2013918	Printer Accessories	264
1413247	PROCESSED MEAT	133
2016063	Projectors	114
1360818	PROMO PRODUCTS	1684
212793	Protein Powders	3
928499	PSLR	3
5022210	Puzzle	7178
2676849	Ready Meals	18
1392792	READY-TO-COOK CRACKERS	7
211452	Rice Milks	9
1743779	RICE STICKS	4
221761	Rooibos	20
2013779	Routers	184
2347508	SALAD AID	6
1376159	SALAD DRESSING	108
1426363	SANDWICH BAG	104
1743900	SANITARY & MATERNITY NAPKIN	20
207730	Savoury Biscuits	31
983958	Savoury Snacks & Mixes	14
891556	Savoury Spreads & Vegetable Pates	11
1016131	SCAMERA	5
891540	Sea Vegetables	8
1477546	SEEDS	189
2013987	Server Accessories	146
2952729	Sex Toys	65
363351	Sex-Shop	22003
2001257	Sexy Shoes	8
189208	SHERRY	20
1746871	Single Detail Page Misc	36
1401628	SIOPAO, SIOMAI, KIKIAM & DUMPLING	36
222706	Smoothie	117
2022661	Snack Foods & Bars	630
2530564	Snack Meals	103
1746943	SOFTDRINK	11
154077	Software	1138
1373458	SOLUTION (NOT OPTIC, OPTH, NASAL DROPS)	15
1419731	SOTANGHON	32
2069570	Sound Cards	15
340167	Soups & Canned Food	657
206005	SP ITEMS-L	377
2527330	Special  Six  Assortments	12
1382493	SPRAY MEDICAL EXTERNAL	2
1366295	SPRAY MEDICAL INTERNAL	5
1747897	Spread	203
205994	Spreads and Butters	19
211047	Spreads non dairy	39
223030	Sprouts	7
2014323	Storage Accessories	44
279325	STRENGTH & RECOVERY	85
2618231	Sun & reading glasses	5
918779	Superfoods	89
1496082	SUPPORT STOCKINGS	18
1392826	SWAB	5
336091	Sweets and Deserts	764
4883074	SWIMWEAR	133
1385197	TACO SHELL	10
202571	Tahini	41
1372013	Talc&Lotion	73
2021244	Tape Drives	66
1121512	TCOMBO	1
553736	TEA & COFFEE	23
2290848	TEA & POWDERED GINGER	6
940461	Tea - Mate	3
984864	Textured Vegetable Protein (TVP)	14
210054	Thai Foods	17
2155108	Thin Clients	13
1459489	TIKOY	23
2526938	Tofu	8
916624	Tofu, Tempeh & Seitan	29
2060015	Tofu, Tempeh, & Alternative Meat Products	97
4806477	Toner - OEM	2042
4810527	Toner - Remanufactured	431
2021362	TRAVEL ACCESSORIES	29
919682	TRIPOD	14
2302816	Umeshu	4
4888580	UNDERWEAR	335
229569	USB	8
215134	USB Hub	34
1569983	Vacuum	10
1986154	Valentine Items	10
2533303	Valentines	10
961637	VDEDITION	7
908106	Vegetable Stocks, Bouillon & Gravy	3
972111	Vegetarian Deli	18
207752	Vegetarian Specialitys	5
4819680	Vichy (+БАД)	61
1080816	WARRANTY	1
3128266	Wasabi	55
2081584	WATCHES	30
887684	WATCHMAN	4
190659	WAX & FRESHNERS	23
1082893	WEATHER	3
4888578	Weather Bags and Backpacks	68
1370497	WHITENING LOTION	83
4807132	WIC Eligible Nutritionals	15
2765676	WIC-Eligible Medical Foods	79
1993921	Wigs, Eyes, Body	77
991976	Wild Bean Cafe	135
1749170	Wireless	75
2013641	Wireless Networking	331
2023334	Workstation Accessories	4
2058954	Workstations	25
904342	WTALKIE	26
217882	Yeast Extract	4
949287	ZCACCESSORIES	3
894266	ZCASES	170
925308	ZCCDACCESORIE	3
949305	ZCLEANER	3
936951	ZCPLUGIN	4
1096006	ZCTV	3
959221	ZDVDACC	7
1087556	ZFACCESSORIES	4
919687	ZFILTER	16
1086493	ZGACCESSORIES	6
928545	ZPACCESSORIES	14
928490	ZPCACCCESSORI	17
1022768	ZPDVDACC	1
904301	ZRINGS	51
928509	ZTAPES	23
919727	ZVCACCESSORIE	48
24167	Абсент	109
1465504	АВТОЗАПЧАСТИ	247
300445	Автомобильные принадлежности	5449
1087481	Автоответчик	23
260388	Автохимия	2143
873111	Автошина	4728
4928730	Агонист дофаминофых рецепторов	10
3617275	Адаптер для щеток стеклоочистителей	7
4906290	Адаптогены	4
260412	Аджика	615
453512	Адсорбенты-детоксиканты	101
4969727	Азбука	10
440047	Аквадекор	809
309101	Аквариум	321
467046	Аквариумные растения	521
1387055	Аккумулятор автомобильный	211
2232619	Акриловая технология	30
4969518	Аксессуары для автозвука	15
3227847	Аксессуары для автоматических выключателей дополнительные	12
659330	Аксессуары для аквариума	344
3608221	Аксессуары для водного спорта	102
36436	Аксессуары для волос	1834
278696	Аксессуары для мобильных устройств	806
3230731	Аксессуары для ПВР, ШПВР, ППВР	6
455873	Аксессуары для презентационного оборудования	63
3223759	Аксессуары для пускателей ручных кнопочных дополнительные	34
3228359	Аксессуары для труб	172
3223722	Аксессуары для шкафов и щитов	1218
943542	Аксессуары к бутылочкам для кормления	9
231180	Акустика	951
78617	Алкоголь	9123
3607663	Алкогольные коктейли	18
3604617	Алкотестер	45
260468	Альбом	12
175872	Альбом для рисования	3889
441921	Альбом для черчения	41
2289236	Аминокислоты	19
3238303	Амперметр	54
2417672	Ампулы, растворы для инфузий	145
315577	Амуниция для грызунов	5
336954	Анальгетики (НПВС и др. группы)	2938
3619418	Ананасы консервированные	72
442325	Анестетики	278
442355	Анкер	264
4928445	Анксиолитики-антидепрессанты	8
441230	Антацидные (обволакивающие, вяжущие...)	70
952292	Антенна	217
4969680	Антиагрегатные средства	2
4902827	Антианемическое средство	1
4955283	Антиаритмические средства	10
332169	Антибиотики и сульфаниламиды	499
4832409	Антибиотики, протовомикробные, противогрибковые	42
442143	Антибиотические препараты группы пенициллина и цефалоспоринов	194
439685	Антибиотические препараты хинолоновой структуры	36
439975	Антигельминтные	46
442328	Антигеморройные	42
439842	Антигипертензивные (Мочегонные, БКК, ИАПФ...)	757
441213	Антигистаминные	114
4969649	Антидепрессанты	9
4955291	Антикоагулянт	12
260347	Антикоррозия	16
278396	Антимоль	185
2220680	Антипасти	42
443401	Антипсориазные	104
498491	Антисеборейные	13
442734	Антисептик для дерева	217
2429748	Антисептики для полости рта	51
362352	Антисептики ЛАРИНГОлогические	163
343139	Антисептики наружного применения	524
4904903	Антисептическое средство	56
186	Антистатик	42
714545	Антистресс	173
1655968	Антифриз	305
37115	Аперитив	67
442957	Аппликация	266
241824	Аптека	16746
442998	Аптечка	52
3605445	Арахис	88
3779114	Ареометр	10
37193	Арманьяк	142
3223909	Арматура для СИП	95
4973981	Арматура для унитазов	43
343163	Ароматизатор	928
3948159	Ароматизатор автомобильный	2511
4833582	Аромотерапия	22
1200559	Атлетика	36
228644	Аудиокниги	321
3780855	Багажники, сетки для крепления груза	18
443587	Бадминтон	39
4978104	Бак	11
622408	Бакалея	3178
4971219	Бактериофаги	10
170221	Бальзам алкогольный	60
1386	Бальзам для волос	1778
34715	Бальзам для губ	1543
444085	Бандаж медицинский	245
2221996	Бандана	18
21899	Баня и сауна	979
554338	Барельефы, фрески	12
444428	Барсетка	20
493520	Баскетбол	22
1183026	Бассейн	277
3623100	Бассейны и аксессуары	168
4219	Батарейки и аккумуляторы	4877
279320	Батончики	31
2421251	Батончики разные	51
303808	Безопасность труда	571
444760	Бейджи	227
3267092	Бекон	57
682176	Белье детское	588
1752296	Белье нательное взрослое	278
18023	Белье, трикотаж	1001
226025	Беременность и кормление	24
4862250	Беспроводное оборудование	67
330611	Бигуди	383
281946	Бижутерия	2030
1351407	Бинокль	39
2716981	Биотуалет	26
3223953	Бирка кабельная	8
344360	Биты	71
445743	Блендер	580
260768	Блеск для губ	6673
241580	Блесна	352
260996	Блестки	62
39157	Блины	824
3223962	Блок автоматического ввода резерва	18
556174	Блок питания, адаптер	265
4955285	Блокатор Альфа-адренорецепторов	10
5045113	Блокатор кальциевых каналов	1
3223981	Блоки зажимов БЗН	46
39376	Блокнот	5668
679959	Блузка	2071
309773	Блюдо	1762
309899	Бокал	1710
1662764	Бокс	13
3224217	Бокс пластиковый	8
435226	Болеро	2
34694	БОЛЕУТОЛЯЮЩИЕ СРЕДСТВА	12
447616	Болт	631
3784645	Болты гайки секретные	7
3643109	Болты крепления гос. номера/Рамки под гос.номер, болты крепления	13
1262024	Большой теннис	2
3607978	Босоножки, сандали	104
569331	Ботинки	119
3612906	Ботинки,  полуботинки	145
448184	Брашинг	246
226730	Брелок	766
334672	Бриджи	285
1757047	Бритва	418
3785185	Брызговик автомобильный	13
682638	Брюки	4113
871531	Брюки детские	849
400170	Брюки женские	375
448649	Булавки	51
1187905	Бульон	113
310128	Бульонница	23
205445	Бумага	1355
448724	Бумага бархатная	108
1180883	Бумага для акварели	7
261300	Бумага для записей	1391
1188058	Бумага для пастели	131
1278727	Бумага для рисования	81
3641862	Бумага для скрапбукинга	186
449081	Бумага для факса	57
265966	Бумага копировальная	39
449130	Бумага крепированная	355
176292	Бумага масштабно-координатная	63
344078	Бумага наждачная	175
176154	Бумага пачечная	291
449239	Бумага самоклеящаяся	41
2664	Бумага туалетная	3521
2952716	Бумага хозяйственная	151
449366	Бумага художественная	17
449391	Бумага цветная	1496
449449	Бумага цветная самоклеящаяся	10
449668	Бумажник	59
3604625	Бумажник водителя	246
344266	Бур	443
3649710	Бутерброд	80
340444	Бутылочка детская для кормления	1107
262842	Бухгалтерские книги, бланки	188
203752	Бытовая техника	1809
25023	Бытовая химия	4193
343530	Бюстгальтер	3481
310186	Ваза	2321
4970821	Вазон	178
450179	Вакцина	143
343718	Валик технический	269
4986230	Ванная комната аксессуары	148
1584973	Вантуз	64
2226254	Варежки	19
261470	Вареники	1099
261517	Варенье и джемы	3043
217	Вата и ватные изделия	2014
450418	Ватман	21
4881245	Ватрушка	174
25	Вафли	3143
310436	Ведро	1603
1190385	Велобеги	2
450798	Велосипед	624
334627	Велосипедные аксессуары	509
362337	Венотоники	53
4988191	Вентили, краны	163
261623	Вентилятор	369
3224475	Вентилятор бытовой настенный и аксессуары	56
330553	Вентилятор для процессора	8
4973413	Вентиляция	34
22446	Вермут	503
444751	Весы	1142
1758065	Ветеринарные вакцины, сыворотки, иммуномодуляторы	29
555250	Ветеринарные витамины и минералы	26
601851	Ветеринарные витамины и минералы для грызунов	4
565204	Ветеринарные витамины и минералы для кошек	16
550940	Ветеринарные витамины и минералы для птиц	12
555204	Ветеринарные витамины и минералы для собак	18
1762234	Ветеринарные гомеопатические и фитопрепараты	20
1763094	Ветеринарные дента препараты	19
1787907	Ветеринарные мази, кремы, лосьоны, спреи	11
309086	Ветеринарные препараты	453
309254	Ветеринарные препараты Антибактериальные	21
1756113	Ветеринарные препараты блокирующие	38
1761780	Ветеринарные препараты глазные	2
311045	Ветеринарные препараты глистогонные	50
565273	Ветеринарные препараты для кошек	6
673145	Ветеринарные препараты для лошадей	5
565199	Ветеринарные препараты для собак	14
345229	Ветеринарные препараты инсектицидные	64
666798	Ветеринарные препараты комплексные	14
311103	Ветеринарные препараты Контрасекс	16
297288	Ветеринарные препараты Мази	11
1816058	Ветеринарные препараты противопаразитарные	84
311023	Ветеринарные препараты Ушные,глазные средства	43
261671	Ветчина	1198
451271	Вешалка	1513
227314	Видеокарта	400
2506040	Видеорегистратор	156
41783	Визитница	676
279982	Вилка столовая	11
282286	Вина Австралии	497
282251	Вина Аргентины	207
1759169	Вина Болгарии	2221
688696	Вина Германии и Австрии	163
1759270	Вина Греции	3
282274	Вина Грузии	1503
41484	Вина Испании	973
22470	Вина Италии	2068
4836327	Вина Италии Венето	78
4836292	Вина Италии Игристые и Вермуты	17
4836434	Вина Италии Пьемонт	14
4836343	Вина Италии Сицилия и Сардиния	26
4836311	Вина Италии Тоскана	60
689306	Вина Китая и Японии	23
1759450	Вина Молдовы	167
688350	Вина Новая Зеландия	67
22169	Вина Новый Свет	1449
688768	Вина Португалии	92
688533	Вина России и ближнего зарубежья	434
1759639	Вина Украины	10
41821	Вина Франции	2338
688367	Вина Франции Бордо	288
688362	Вина Франции Бургундия	192
688374	Вина Франции Долина Луары	49
689282	Вина Франции Долина Роны	36
4836548	Вина Франции игристые и Шампань	29
688432	Вина Франции Лангедок	81
689475	Вина Франции Эльзас	20
282291	Вина Чили	872
225281	Вина ЮАР	196
1759739	Винный напиток	1996
22133	Вино	58889
689713	Вино безалкогольное	17
296061	Вино игристое	5015
3789981	Вино крепленое	102
1759520	Вино плодовое	63
451714	Винт	519
22172	Виски	4537
204841	Витамины и минералы	2724
2531314	Витамины, лакомства для животных	787
242919	Воблер	59
3795411	Вода дистиллированная	52
48140	Вода минеральная	3121
3948176	Вода мицеллярная	151
17388	Вода питьевая	9061
22581	Водка	18211
693069	Водные игры	16
452556	Водонагреватель	14350
2730743	Воздухоочистители	11
466144	Воздушно-ветровые игрушки	90
712492	Воздушные змеи	49
493531	Воллейбол	20
1761166	Вольер	6
3224695	Вольтметр	39
3617329	Воронка	17
26173	Восточные сладости	1204
4884666	ВПР	114
552325	Выжигание, выпиливание, роспись, плетение	68
3225580	Выключатели нагрузки (рубильники)	55
3225079	Выключатели путевые и концевые	64
227527	Выключатель	1505
3223946	Выключатель автоматический	2961
3569489	Выключатель дифференциальный (УЗО)	319
3224621	Выключатель кнопочный	30
3224998	Выключатель нагрузки	80
3230865	Выключатель пакетный	78
3224724	Выключатель-разъединитель	109
3620567	Выпечка (мелкоштучные изделия)	525
453117	Выпрямитель волос	12
453126	Вытяжка	15
998080	Гаджет игровой	18
1182450	Газовое оборудование	3581
453273	Гайка	95
596271	Галантерея	2560
4973896	Галеновые пр	25
261887	Галеты	6
3618301	Галоши	62
696145	Галстук	208
261894	Гарнир	2
453501	Гвозди	220
2279910	Гейнеры	24
2232613	Гелевая технология	172
401	Гель для душа	7152
454095	Гематоген	198
442002	Гематологические (Влияющие на свертываемость крови, гемопоэз...)	53
442094	Гематологические (Плазмозаменители, парент.питание)	66
444908	Гепатопротекторы	71
2952751	Гербициды	47
227667	Герметик	266
3165	Гигиена для взрослых	313
1369168	Гигиена животных	62
697444	Гидрогель	10
3225152	Гильза монтажная	112
4955281	Гиполипидемические	22
450144	Гипохолестеринемические	16
1271151	Гирлянда электрическая	1406
145865	Гирлянды и баннеры	67
2422354	Глазные и ушные капли, мази	64
440015	Глазные капли	110
4891114	Глазные капли, мази	76
454616	Глина косметическая	27
262153	Глобус	268
4969327	Глюкокортикоиды	20
2279939	Глютамин	9
3670540	Говядина тушеная	24
1761966	Головной убор	1266
1761876	Головной убор детский	384
1761841	Головной убор для новорожденных	34
2730211	Головные уборы для животных	7
555711	Головоломка	184
351716	Гольфы	862
441196	Гомеопатические средства	578
441953	Гормональные средства	81
442330	Гормональные средства (половые гормоны)	13
2431429	Гормональные средства (щитовидн железа, стероиды, противоопухолевые)	36
28300	Горчица	1812
310878	Горшок цветочный	3122
675177	Горячая выпечка из п/ф	12
496441	Готовальня	253
3616631	Готовые блюда	280
36854	Готовые блюда гастроном	88
3605977	Готовые блюда и п/ф с/м	200
176363	Грамоты и дипломы	65
171957	Граппа	85
311352	Графин	165
4862251	Грелка	153
142874	Грибы	1026
3783563	Грибы свежие	71
1762333	Грибы сушеные	32
227766	Грифель	71
3227704	Грозозащита и заземление	1
463706	Груминг	622
311529	Грунт для аквариума	409
406629	Грунтовка	538
2421504	Грунтовка художественная	4
33890	Губка для автомобиля	62
455881	Губка для обуви	244
2620	Губка для посуды	1117
5984	Губка для тела	468
3605928	Губка хозяйственная	69
456071	Дартс	111
1762651	Датеры	79
456124	Датчик	152
3225340	Датчик движения	55
407	Дезодорант	10269
3607450	Декорация для выпечки съедобная	145
1051	Демакияж	1387
176397	Демонстрационные системы	150
5203	Депиляция	1093
3948160	Держатель для мобильных устройств	111
3225410	Держатель для плавких вставок	22
52599	Держатель для туалетной бумаги	128
362341	Дерматологические средства прочие	295
263238	Десерт	922
3611207	Десерт молочный	34
439741	Детали игровой сценической обстановки	184
176428	Детекторы банкнот, Счетчики купюр и монет	40
22738	Детское питание	5649
702411	Джемпер	15164
386238	Джемпер женский	495
432155	Джемпер мужской	153
23104	Джин	616
703325	Джинсы	489
381386	Джинсы женские	161
703077	Джинсы мужские	245
1183282	Диабет	107
2431836	Диабетические	38
457462	Дидактические материалы	46
279339	Диетические продукты	1425
448800	Дизайн-бумага	61
176445	Диктофон	90
667012	Диммер	180
228249	Диск инструментальный	635
176449	Дискеты, диски CD, DVD	542
457839	Диспенсер	53
4921407	Диуретические средства	17
3223768	Дифференциальный автомат	138
458750	Дневник	5417
228467	Доводчик дверной	26
458864	Домашний кинотеатр	56
312236	Домики для животных	155
551349	Домино	70
1557416	Домкрат	138
3223926	Дополнительные устройства ВА88 - аварийные (АК) и дополнительные (ДК) контакты	18
3227699	Дополнительные устройства ВА88 - зажимы вводные	4
3229856	Дополнительные устройства ВА88 - механическая блокировка положения выключателя	6
3231635	Дополнительные устройства ВА88 - панели втычные и выдвижные ПМ	32
3235464	Дополнительные устройства ВА88 - переходники на DIN-рейку	6
3231985	Дополнительные устройства ВА88 - привода ручные поворотные ПРП	10
3233036	Дополнительные устройства ВА88 - расцепители минимального напряжения РМ	6
3233064	Дополнительные устройства ВА88 - расцепители независымые РН	6
3232627	Дополнительные устройства ВА88 - расширенные выводы	21
3228607	Дополнительные устройства для КTH - катушки управления КУ	24
3228594	Дополнительные устройства для КМН	36
33491	Доска гладильная	547
705467	Доска для детского творчества	21
459062	Доска для моделирования	26
459105	Доска для рисования	351
699899	Доска магнитная	265
176619	Доска меловая	5
459181	Доска офисная	77
19096	Доска разделочная	2193
674836	Драже	410
459359	Дрель электрическая	247
53845	Дрожжи	242
331153	Дрожжи пивные	254
3314263	Дуршлаг	226
4327	Духи	1322
459634	Духовка электрическая	32
459641	Душистая вода	138
37047	Дыроколы, степлеры, антистеплеры	2463
459880	Дюбель	659
3225633	Дюбель-хомут	16
4980862	ЕГЭ ОГЭ	523
460135	Ежедневник	6485
461385	Ель новогодняя искусственная	758
2230362	Жакет	2098
3948207	Жалюзи	106
19141	Жевательная резинка	3168
1766564	Желатин	213
33075	Желе	140
441115	Железосодержащие препараты	23
2417850	Желудочно-кишечный тракт	301
441224	Желчегонные	32
273	Женская гигиена	223
2416725	Женские (противозачат.,гормоны, раст.)	28
2231845	Жилет	318
2279915	Жиросжигатели	38
461769	Журналы школьные	19
3702	Загар и защита от солнца	2793
3225726	Заглушки для пломбировки ВА47-29	3
285556	Зажигалка	2172
176777	Зажим для бумаг	321
461944	Зажим для троса	50
3227933	Зажим концевой изолирующий	6
3225778	Зажим монтажный	145
3230102	Зажим соединительный изолирующий	28
462015	Закладки	301
454804	Закрепляющие	17
263430	Закуска	27
2324179	Заменители питания	7
3610695	Заменитель грудного молока	219
438834	Заменитель сахара	316
228976	Замок	1556
3610261	замороженные блюда и замороженные мясные полуфабрикаты	418
33433	Занавеска для кухни	42
3228640	Запасные части к контакторам КТ6600	39
181341	Зарядное устройство	658
462497	Затирка для швов	376
462730	Звонок электрический	209
4969550	Здоровое питание	142
2221625	Зелень, салаты свежие	638
462866	Зеркало	653
3629896	Зеркало автомобильное	39
23256	Зефир	1335
462951	Значки	38
285706	Зонт	1287
209	Зубная паста	7009
7694	Зубная щетка	4952
18528	Зубочистки	345
754410	Игра логическая	66
56347	Игра настольная	4284
2727691	Игра электронная	71
2727128	Игровая консоль	28
713265	Игровой набор	688
458886	Игровые домики	141
1204048	Игровые комплексы, качели, горки	47
146199	Игрушечное оружие	2235
3620795	Игрушечные железные дороги и треки	64
461826	Игрушечный транспорт	5200
980	Игрушка	37734
146924	Игрушка LEGO	1595
439737	Игрушка автотрек	101
1763109	Игрушка деревянная	520
149128	Игрушка для ванны	263
465549	Игрушка железная дорога	576
439735	Игрушка инерционная	1320
2343922	Игрушка Интерактив	8
702005	Игрушка компьютер	80
147541	Игрушка конструктор	7532
712606	Игрушка кукла	8826
716203	Игрушка механическая	5
440953	Игрушка музыкальный инструмент	131
148621	Игрушка мягкая	5845
451123	Игрушка радиоуправляемая	1996
2364821	Игрушка с конфетами	46
713549	Игрушка со звуковыми эффектами	2
534740	Игрушка трансформер	1050
313226	Игрушки для животных	1267
451333	Игрушки для кошек	639
147523	Игрушки для малышей	857
1656438	Игрушки для новорожденных	6
332673	Игрушки для песочницы	473
311153	Игрушки для птиц	448
465351	Игрушки для собак	1731
715174	Игрушки заводные	42
2228566	Игрушки надувные	95
1807899	Игрушки пластизолев	6
1768801	Игрушки пластмассовые	785
4939326	Игрушки Посудка	32
466117	Игрушки Приборы и аппараты	138
1726592	Игрушки развивающие	193
3605398	Игрушки роботы и трансформеры	573
2223171	Игрушки Форма	28
482670	Игрушки-забавы	62
286761	Игры	348
443599	Игры для детей активные	57
880020	Игры интеллектуальные	66
331286	Игры обучающие и развивающие	860
452526	Игры развлекательные	124
4832631	Игры, игровые наборы	365
3739591	Изделия из мяса охлажд	40
3739722	Изделия из мяса птиц охл	45
448299	Изделия мед назнач (Гольфы, колготки, шорты, чулки)	314
444368	Изделия мед назнач (Горчичники, пипетки...)	57
444713	Изделия мед назнач (Маски, Компрессы...)	57
477046	Изделия мед назнач (Прочие ортопедические)	6
332748	Изделия мед назнач (Средства ухода прочие)	213
2418507	Изделия медицинского назначения	4524
2284020	Измерительные приборы и аппараты	108
3226324	Изолятор шинный плоский	26
2289252	Изотоники	2
527983	Изучение счета и алфавита	114
23287	Икра овощная	755
3610958	Икра охлаждённая	205
23293	Икра рыбная	1755
2420343	Иммунобиологические, пребиотики	21
439957	Иммуномодуляторы и адаптогены	208
4970816	Иммуностимуляторы	7
441255	Ингаляторы и небулайзеры	229
4979992	Ингибитор костной резорбции	3
5022390	Ингибитор липаз ЖКТ	1
4970380	Ингибиторы холинэстеразы	3
298658	Инсектициды	758
41797	Инструмент	20491
3745732	Инструмент SATA	6
300839	Инструмент для выполнения декораций	191
2727922	Инструмент для кабеля RJ 11,12,45	20
3226370	Инструмент для монтажа кабельных стяжек	3
3230565	Инструмент для снятия изоляции	14
303683	Инструмент измерительный	333
3641840	Инструмент малярный	90
300265	Инструмент механический	2414
3617597	Инструмент ручной	410
289433	Инструмент садовый	868
304973	Инструмент смазывающий	103
299594	Инструмент электрический	385
349538	Инструменты для каллиграфии	47
2235461	Инструменты для маникюра и педикюра	361
466892	Интенсивное тонирование	57
362160	Интимная гигиена	446
176845	Информационные таблички, рамки и держатели	101
3605146	Ионизатор	10
176880	Источник бесперебойного питания (UPS)	440
712548	Йо-йо	21
23326	Йогурт	9537
3641118	Йогурт детский	12
3611285	Йогурт питьевой	77
442869	Йодсодержащие средства	13
1660860	Кабеленесущие системы	314
241296	Кабели компьютерные	148
263610	Кабель	652
3226570	Кабель-каналы	180
262380	Кабины душевые и оборудование для ванной	245
22663	Какао	852
467282	Календарь	2898
62922	Кальвадос	109
467417	Калька	87
62932	Калькулятор	1657
430396	Кальсоны	25
4987155	Канализация внутренняя	256
4993362	Канализация наружная	61
467922	Канистра	199
2	Канцелярские товары	21031
177010	Канцелярский набор	1004
4907024	Капли в нос, спрей, мази	18
23366	Капуста морская	924
310541	Карабины, вертлюги	79
37145	Карамель	2798
391489	Карандаш для бровей	626
391481	Карандаш для век	3259
264261	Карандаш для губ	2374
264298	Карандаш для ногтей	6
3007277	Карандаш косметический	428
488884	Карандаш маскирующий	14
148338	Карандаши	447
468948	Карандаши восковые	232
229849	Карандаши механические	416
468113	Карандаши специальные	14
468990	Карандаши угольные	1
468746	Карандаши художественные	40
19264	Карандаши цветные	3162
468588	Карандаши цветные без оболочки	5
177092	Карандаши чернографитные	1531
1772381	Караоке	11
2279919	Карбо	16
3630887	Карбонад	21
550232	Карниз	187
469702	Картон белый	99
469716	Картон цветной	903
1221484	Картофель	122
230307	Картридж для принтера	5087
177171	Карты географические	20
1656399	Карты и атласы	330
145898	Карты игральные	149
314257	Кастрюля	5205
470295	Каталка детская	538
1211675	Катание по снегу и льду	106
342702	Каша детская	458
24389	Каши, хлопья, сухие завтраки	6162
2441184	Кашпо	1589
3608246	Кашпо,горшки и держатели	318
4848813	Квадрокоптер	1
1772558	Квас	997
1772564	Квиллинг и оригами	276
264799	Кекс	1523
2235127	Кепка	573
23472	Кетчуп	2875
550200	Кефир	3175
3238680	Кипятильник электрический	70
33079	Кисель	1278
2421817	Кисломолочный напиток	400
4881256	Кисть (general)	1626
264868	Кисть косметическая	527
470932	Кисть кулинарная	10
470891	Кисть малярная	478
349745	Кисть художественная	3914
265432	Клавиатура	756
5011188	Клапан	17
1224273	Клеенка	54
8230	Клей	1772
406613	Клей монтажный	68
392546	Клей обойный	113
472025	Клей ПВА	199
472078	Клей плиточный	73
471923	Клей силикатный	55
471904	Клей столярный	7
279126	Клей строительный	9
278579	Клей-герметик	7
265458	Клей-карандаш	589
3235599	Клемма соединительная	44
3235770	Клемма строительно-монтажная	30
3226984	Клеммник концевой изолированный	10
3948167	Клеммы	31
314888	Клетки для грызунов	225
1773165	Клетки для кошек и собак	8
310893	Клетки и гнезда для птиц	180
452686	Клетки, переноски	471
2442777	Клетчатка	147
3226995	Клещи обжимные	10
3236365	Клещи токоизмерительные	6
353410	Клинико-диагностические приборы и наборы	444
3822237	Ключ балонный	64
344790	Ключ гаечный	436
3822251	Ключ комбинированный	198
3822270	Ключ накидной	5
3822276	Ключ разрезной	12
3822289	Ключ рожковый	10
3610432	Ключ свечной	35
3822310	Ключ угловой	21
3822308	Ключ шарнирный	1
539687	Ключницы	48
472974	Книга алфавитная	149
473063	Книга записная	3681
473053	Книга канцелярская	263
473715	Книга телефонная	485
544561	Книга электронная	61
205408	Книги	36118
472873	Книги детские	2692
5056662	Книги по теме Бухгалтерия и аудит	4
315009	Книги по теме Домашние животные	259
4884769	Книги по теме Дошкольное воспитание	928
4892969	Книги по теме Естественные науки	12
4970191	Книги по теме Инженерия	31
472476	Книги по теме Искусство	419
4892823	Книги по теме Исторические	36
4881524	Книги по теме Компьютеры	673
4881680	Книги по теме Кулинария	45
4980856	Книги по теме Логопедия	26
4892913	Книги по теме Медицина	929
4892952	Книги по теме Радиотехника и радиоэлектроника	96
4892723	Книги по теме Строительство и ремонт	26
4970186	Книги по теме Шахматы	68
5048194	Книги по теме школьные олимпиады	27
4892713	Книги по теме Экономика и бизнес	95
4884428	Книги Словари	236
2220881	Книги со звуками	336
2228116	Книги-викторины	7
473889	Кнопки канцелярские	164
315162	Коврик	1464
330616	Коврик для ванной	631
2506089	Коврик музыкальный	79
315193	Ковш	45
315253	Когтеточки для животных	448
1774349	Кожгалантерея	153
4862258	Козинаки	253
703379	Коктейли, джин-тоники	58
55924	Колбаса вареная	2791
265605	Колбаса варено-копченая	1617
3831351	Колбаса из субпродуктов	8
265598	Колбаса полукопченая	1835
286848	Колбаса сыровяленая	102
265594	Колбаса сырокопченая	1439
142954	Колбасные изделия	4108
330538	Колготки	17988
337654	Колготки детские	1611
357699	Колготки для девочек	74
231171	Колер	160
1673068	Колпак колесный	20
562637	Комбинезон	713
315395	Комбинезон для собак	786
4969620	Коммуникационное оборудование	41
2731687	Коммутатор Ethernet	199
733267	Компас	43
3227808	Компенсация реактивной мощности	33
279464	Комплексы для профессионального питания	513
733490	Комплект верхней одежды	12
4984799	Комплектующие для ванн и умывальников	34
3224028	Комплектующие для светотехники	180
4977942	Комплектующие к смесителям сантехническим	458
3235727	Комплекты декоративного стекла для садово-парковых светильников	30
1654218	Компоненты автоматизации	55
3817469	Компрессометр	10
300442	Компрессор	79
2713862	Компрессор автомобильный	14
300404	Компрессоры и пневматические инструменты	162
2741229	Компьютер моноблок	7
205800	Компьютерная мышь	1991
237167	Компьютерная периферия игровая	83
2747295	Компьютерная платформа	4
265563	Компьютерные аксессуары	1344
1351406	Компьютерные игры	1098
475427	Конвектор	58
475455	Конверт	356
3227761	Конденсатор для электродвигателя	46
77	Кондитерские изделия	2169
674763	Кондитерские изделия диабет	204
69343	Кондитерские изделия замороженные	145
38561	Кондитерские изделия мучные	2926
315	Кондиционер для белья	2027
2187	Кондиционер для волос	3424
475494	Кондиционеры	50
2740781	Коннекторы	7
1229537	Консервы	4116
22680	Консервы грибные	861
23172	Консервы мясные	3109
65	Консервы овощные	8063
48	Консервы рыбные	5611
22284	Консервы фруктовые	2814
265894	Консилер	212
723930	Контактор	887
476072	Контейнер для игрушек	201
177418	Контейнер для мусора	501
231359	Контейнер для продуктов	3850
447547	Контейнер для электронных носителей	173
2719845	Контроллеры/Adaptec	4
2728489	Контроллеры/LSI	27
4830432	Контроллеры/Разные	8
4884476	Контрольно-измерительные материалы	139
476130	Контур для глаз	110
22145	Конфеты	20727
3623455	Конфеты диабетические	33
23131	Конфеты жевательные	864
3607409	Конфеты шоколадные	3628
4849050	Конфитюры, джемы диетические	9
2422387	Концентраты сухие	77
476290	Коньки	563
3608303	Коньки ледовые	168
474926	Коньки роликовые	68
22210	Коньяк	9393
476373	Копилка	670
231431	Корзина для бумаг	163
476444	Корзина хозяйственная	914
302482	Корм для грызунов	338
21915	Корм для животных	2903
18493	Корм для кошек	6162
609975	Корм для креветок	5
308061	Корм для птиц	283
1777029	Корм для рептилий	73
310977	Корм для рыб	670
19035	Корм для собак	5370
309012	Кормушки для рыб	39
316949	Кормушки поилки для грызунов	36
313406	Кормушки поилки для птиц	93
3227955	Коробка монтажная	386
2765678	Корпус для компьютера	191
3228093	Корпуса для светильников НПО, НББ, НСП, НТУ	14
177433	Корректирующие средства	507
5586	Косметика	63721
1780133	Косметика для животных	190
1199886	Косметика, украшения и аксессуары для девочек	88
336150	Косметические аксессуары	1318
19704	Косметичка	949
1780221	Кости, палочки для собак	192
739902	Костюм	325
418521	Костюм женский спортивный	2
148348	Костюм карнавальный	965
739956	Костюм купальный	985
1657287	Котлеты	888
19716	Кофе	7233
3611328	Кофе в зёрнах	86
3630248	Кофе в чалдах	13
74065	Кофе зерно	283
74063	Кофе молотый	575
19729	Кофе растворимый	2329
477163	Кофеварка	630
3373562	Кофейник	153
94151	Кофейный напиток	404
477185	Кофемолка	213
477219	Кошелек	158
266100	Крабовая имитация	606
4990591	Краны и комплектующие к радиаторам	69
3805321	Краситель пищевой	45
444812	Краска	1224
265767	Краска акварельная	2368
441048	Краска акриловая	3867
2414472	Краска алкидная	50
227783	Краска воднодисперсионная	218
278665	Краска водоэмульсионная	253
227812	Краска гуашь	1255
9484	Краска для бровей и ресниц	122
287836	Краска для внутренних работ	344
597	Краска для волос	18049
354524	Краска для волос оттеночная	91
331171	Краска для изделий из кожи	45
478391	Краска для мебели	6
478401	Краска для пола	4
287642	Краска для фасадных работ	181
478414	Краска контурная	150
478518	Краска кракелюрная	12
1351412	Краска латексная	74
478782	Краска пальчиковая	52
2414476	Краска плакатная	34
478795	Краска по керамике	38
287714	Краска по металлу	118
477598	Краска по стеклу	276
478880	Краска по ткани	315
477701	Краска художественная гель	90
437446	Краска художественная масляная	1112
479120	Краска художественная темперная	32
177461	Краска штемпельная	110
75137	Крахмал	142
2279928	Креатин	18
479914	Креветки	1258
316470	Крекер	914
278498	Крем детский	487
1395	Крем для волос	66
3623336	Крем для зубных протезов фиксирующий	38
664	Крем для лица	3064
10304	Крем для ног	815
331192	Крем для обуви	574
1438	Крем для рук	2382
331154	Крем для тела	943
1682	Крем косметический	419
2642	Крем тональный	2717
316566	Креманка	87
3658583	Крепеж	363
2744235	Крепления для мониторов	6
576560	Кресло	359
4959842	Кровоостанавливающие	4
3228419	Кронштейн для уличного светильника	14
555469	Кроссовки	756
871509	Круассан	572
316687	Кружка	10221
22067	Крупа и бобовые	6290
482562	Кувшин	777
2735777	Кукла фарфоровая	188
2274864	Кукольный театр	222
3224151	Кулачковые переключатели КПУ	214
33055	Кулинарные добавки	143
1223021	Куличи	276
687653	Куртка	8319
748385	Куртка женская	1674
748632	Куртка мужская	1527
180669	Кусачки маникюрные	6
483137	Кухонный комбайн	109
4923788	Лак	147
279744	Лак для дерева	21
1053	Лак для ногтей	22482
288165	Лак для полов	43
288158	Лак для стен и потолков	10
482666	Лак яхтный	23
2430138	Лаки для художественных работ	45
3617582	Лакокрасочная продукция	24
619579	Лакомство для грызунов	61
750942	Лакомство для животных	590
590087	Лакомство для кошек	220
636168	Лакомство для птиц	18
1041874	Лакомство для собак	784
217309	Лакрица	18
177529	Ламинаторы, резаки и переплет	119
3948157	Лампа автомобильная	915
3228856	Лампа газоразрядная	48
3228815	Лампа галогенная	803
3391116	Лампа люминесцентная	639
3846555	Лампа паяльная	20
3228952	Лампа светодиодная	1591
78022	Лампа электрическая	4614
3392109	Лампа энергосберегающая	1752
3612451	Лапша быстрого приготовления	579
19849	Ластик	1431
3768199	Лебедка	3
371108	Леггинсы	770
19856	Леденцы	1314
309010	Лежанки, корзины для животных	810
378131	Лекарственные сборы	1291
210391	Лекарственные средства	52398
2952733	Лента изоляционная	519
3229196	Лента клеевая	4
3225319	Лента клейкая	15
485738	Лента липкая от мух	66
3229354	Лента монтажная	14
3224101	Лента светодиодная	213
3610459	Лента стеклоочистителя	38
279182	Лента техническая	167
3229210	Ленты сигнальные и оградительные	13
241936	Леска рыболовная	106
344860	Лестница	289
4990252	Лизун, слайм	204
23975	Ликер	2522
3394752	Лимонная кислота	129
266869	Линейки, угольники, транспортиры	1471
486229	Линеры	57
4881266	Линзы контактные	168
1249217	Линолеум	122
486423	Ложка	217
3848199	Лопата	115
486508	Лопатка кухонная	12
486605	Лосьон для волос	17
486634	Лосьон для тела	1771
1828117	Лотерея	58
475718	Лото	19
232356	Лоток для бумаг	673
1980166	Лубрикант интимный	1481
288755	Лупа	134
3647502	Лыжи, ботинки	215
3229383	Люк ревизионный	72
755879	Магнит для доски	38
755842	Магнит сувенирный	991
487375	Магнитола	219
756413	Майка	3487
438994	Майка для девочек	69
384197	Майка для мальчиков	73
383621	Майка женская	1382
430418	Майка мужская	472
3618363	Майки, футболки,топы	187
57	Майонез	3755
24086	Макароны	11670
4889101	Макияж для бровей	73
442922	Маммологические (лактогонные, мастопатии...)	4
3229476	Манжета термоусаживаемая	14
461	Маникюр и педикюр	4591
4993641	Маникюрный дизайн	479
471701	Маникюрный набор	340
3851600	Манометр	31
62	Маргарин	440
3614823	Маргарин, спреды	20
260452	Маринад	157
89983	Маркер	2424
488160	Маркер для CD	77
3229491	Маркер кабельный	143
487696	Маркер перманентный	570
487934	Маркер специальный	95
487746	Маркер стираемый	190
488341	Маркер текстовый	698
487711	Маркер флипчарт	13
173629	Мармелад	3009
1679367	Марципаны	62
2244669	Маска (балаклава)	6
490	Маска для волос	1155
4004	Маска для лица	1338
181499	Маска косметическая	246
148441	Маски	42
2414467	Масла для художественных работ	16
317954	Масленка	159
81664	Масло бутербродное	142
3948205	Масло гидравлическое	79
361847	Масло детское	144
339961	Масло для волос	269
5032230	Масло косметическое	246
195518	Масло кукурузное	39
4015	Масло массажное	157
158667	Масло моторное	2950
24278	Масло оливковое	2664
335590	Масло ореховое	545
184383	Масло подсолнечное	1406
267548	Масло промывочное	4
24963	Масло растительное	2224
81698	Масло рыбное	101
81649	Масло сливочное	3353
267560	Масло трансмиссионное	775
343183	Масло эфирное	1661
1240988	Масложировая продукция	2017
489646	Массажер	358
489685	Мастика	135
489695	Мастихин	56
280570	Материалы для гидроизоляции, гидрофобизации и герметизации	60
178817	Материалы для ламинирования	102
178833	Материалы для переплета	361
280572	Материалы для устройства полов	49
871513	Машина шлифовальная	335
36297	Машинка для стрижки	365
263522	Мебель	446
3608243	Мебель для сада	355
24286	Мед	1931
763970	Медиа Звуковая запись	508
2740333	Медиаконвертор	31
333710	Медицинские приборы и аппараты	120
4847587	Медовуха	14
1255529	Мел	412
760144	Мелки восковые	254
2414473	Мелки масляные	74
83440	Менажница	313
760523	Мескаль	11
4933670	Метаболические средства	14
3224123	Металлокорпус	78
3229811	Металлорукав	30
914293	Метизы	1832
4898049	Методические пособия	1348
34496	Мешки для мусора	2312
20362	Мешок для стирки	139
83788	Миксер бытовой	92
2457341	Миорелаксанты	10
304886	Миска	275
297856	Миска для животных	686
693509	Модели для сборки	1483
225	Моделирование прически	3530
561673	Модель машины	2380
4858475	Модем	1
3229903	Модульные переключатели трехпозиционные МП-63	30
3226367	Модульные сигнальные лампы серий ЛС и ЛСК	18
331292	Мозаика	318
3855379	Мойка автомобильная	8
3605828	Молоко пастеризованное	496
24323	Молоко сгущенное	1224
3605783	Молоко стерилизованное	269
267828	Молоко сухое	315
67200	Молоко, сливки	7086
492019	Молокоотсос	83
344503	Молоток	460
492090	Молочко для тела	697
38894	Молочные десерты	814
144938	Молочные продукты	5241
3610545	Молочные продукты, которые можно есть ложкой	595
492155	Мольберт	43
4812936	Монтажное оборудование	2
41409	Морепродукты	1444
3609099	Морепродукты замороженные	312
3612248	Морепродукты охлаждённые	51
5025765	Морилка	129
30752	Мороженое	20902
492248	Морозильник	24
2952748	Морс	524
3737734	Мототехника	14
34088	Мочалка	1395
1041826	Моющие средства для животных	17
2416595	Мужские (потенция, простатит, аденома)	21
148606	Музыкальные инструменты	340
492492	Музыкальный центр	37
3610168	Мука и смеси для выпечки	1871
492588	Мультиварка	81
3230047	Муфта соединительная кабельная	6
177630	МФУ	397
146	Мыло	11517
366	Мыло жидкое	4519
6903	Мыло хозяйственное	464
330600	Мыльница	531
493233	Мыльные пузыри	674
188667	Мюсли	1005
4833848	Мясные деликатесы	112
1183382	Мясные продукты	1946
1201445	Мясо	863
37053	Мясо замороженное	17
38831	Мясо охлажденное	447
87888	Мясорубка	274
493543	Мяч	1017
90098	Набор для творчества	5903
496485	Набор чертежный	174
3606668	Наволочка	88
3626652	Наггетсы, филе	32
314311	Нагреватели для аквариумов	66
2728882	Нагреватели для содержания животных	11
3229797	Нагревательный элемент	35
1793353	Надувные изделия	639
440039	Назальные прочие	68
439929	Назальные сосудосуживающие	71
3862884	Накидка автомобильная	11
494440	Наклейки	1092
3230309	Наконечник	386
3230084	Наконечник-гильза	32
2756068	Накопители NAS	101
319931	Намордник	177
713030	Нано игрушки	13
547468	Напильник	171
17371	Напитки	32172
65403	Напитки, чай диабет	127
551222	Напиток энергетический	862
20627	Наполнители для туалета	867
2229142	Наращивание ресниц	13
871510	Насос	266
4906291	Настойки (р-ры для вн. прим.,б-мы,эл-ры)	2
37856	Настойки, наливки	1615
210556	Наушники микрофоны	2515
2250135	Неваляшка	127
4969683	Нейролептик (антипсихотическое ср-во)	8
1346844	Несессер	32
1359144	Низковольтные оболочки	44
36595	Новый Год и Рождество	8402
180360	Ногти накладные	393
485333	Нож канцелярский	231
279943	Нож кухонный	1567
486480	Нож кухонный специализированный	338
3229193	Ножи технические и аксесуары	12
34728	Ножницы	2098
3230576	Ножницы для пластика	2
180675	Ножницы маникюрные	311
180740	Ножницы парикмахерские	113
320380	Ножницы поварские	34
3230579	Ножницы секторные для кабеля	2
498411	Ножовка	349
439812	Ноотропные и транквилизаторы	247
351648	Носки	1879
290321	Носки детские	3771
290327	Носки женские	4556
290351	Носки мужские	6292
234422	Ноутбук	1013
4904614	НПВС	73
4842729	Нуга	157
1187071	Обеды	166
4832463	Обезболивающие, жаропонижающие спазмалитики, НПВС	167
346034	Обесцвечивание волос	197
449713	Обложка для документов	736
234027	Обложка школьная	265
513784	Обогреватель	317
378369	Обои	2541
1797120	Оборудование для клеток	111
5113778	Оборудование для промышленной установки	80
3232246	Оборудование защиты и автоматизации	2
1358332	Оборудование конечного распределения	222
15348	Обувь	18460
849451	Обувь детская	354
3607980	Обувь для бассейна	355
2717382	Обувь для животных	77
499049	Обувь для собак	104
3614960	Обувь домашняя	1437
849555	Обувь женская	1203
1797821	Обувь кожаная	49
871516	Обувь мужская	369
1797877	Обувь спортивная	259
3605983	Овощи и фрукты замороженные	1071
37462	Овощи свежие	1789
37536	Овощи соленые и квашеные	529
3872479	Огнетушитель	45
3230692	Ограничитель мощности	8
150026	Одежда	29631
1758340	Одежда верхняя женская	193
1758596	Одежда верхняя мужская	161
1758839	Одежда верхняя подростковая	225
1798686	Одежда демисезонная	133
1658259	Одежда детская	872
3613136	Одежда джинсовая	150
704874	Одежда для животных	1349
2725737	Одежда для животных демисезонная	165
2718234	Одежда для животных зимняя	144
2724839	Одежда для животных летняя, дождевая	123
1798479	Одежда для новорожденных	734
444783	Одежда для собак	609
1764705	Одежда домашняя женская	31
1764786	Одежда домашняя мужская	19
1764822	Одежда домашняя подростковая	125
550240	Одежда женская	2081
2149678	Одежда зимняя	39
550553	Одежда мужская	1640
1808458	Одежда повседневная женская	564
1809343	Одежда повседневная мужская	808
1810301	Одежда повседневная подростковая	1878
640907	Одежда рабочая	54
1825726	Одежда спортивная	310
4835	Одеколон	1776
33450	Одеяло	789
3230677	Оконцеватель кабельный	14
3605228	Окорок	23
23234	Оливки, маслины	2975
499336	Олифа	94
2745961	Оперативная память	607
3873611	Оплетка руля	268
3230701	Оповещатели охранно-пожарные световые Топаз	8
352364	Ополаскиватель для белья	183
17168	Ополаскиватель для волос	488
19414	Ополаскиватель для рта	1158
3228455	Опоры и кронштейны для садово-парковых светильников	29
4850509	Оптический накопитель	4
226449	Органайзер	401
19	Орехи	3332
278591	Освежитель воздуха	6517
284335	Осветление волос	27
456101	Оснастка для печатей и штампов	544
4881482	Оснастка и расходные материалы	181
500117	Основа для макияжа	421
345964	Отбеливатель для белья	429
344583	Отвертка	1697
3230844	Ответвители ОВ	6
500290	Открытка	2541
916296	Отруби	343
556666	Отсадник для рыб	12
2418078	Отхаркивающие, противокашлевые	76
260665	Охлаждающая жидкость	18
5050100	Очки	19
784743	Очки солнцезащитные и прочие	357
310100	Ошейник	2373
1800008	Ошейники инсектицидные	30
1712989	Ошейники поводки	159
1800728	Пакет	130
5051314	Палантин	126
501381	Палитра	21
712923	Пальчиковые игры	42
786147	Панно	38
269794	Папка	4999
235166	Папка адресная	233
476619	Папка архивная	113
501579	Папка деловая	95
178115	Папка для акварели	146
483122	Папка для дипломов и курсовых	18
449071	Папка для рисования	85
502621	Папка для тетрадей	1533
502904	Папка для труда	284
502004	Папка для черчения	174
235460	Папка на кольцах	544
234916	Папка пластиковая	117
178236	Папка подвесная	49
503139	Папка портфолио	4
269904	Папка с арочным механизмом	130
178341	Папка с прижимами и скоросшивателями	130
269493	Папка с резинкой	151
502287	Папка текстильная	11
234967	Папка файловая	1255
270018	Папка-вкладыш с перфорацией	42
265510	Папка-клипборд	66
269646	Папка-конверт	816
504104	Папка-портфель	405
178486	Папка-уголок	279
4806371	Парафармацевтика	156
360487	Парикмахерская	839
2746097	Парктроник	6
504717	Пароварка	38
3068	Парфюмерия	21993
954473	Парфюмерия детская	61
4886199	Парфюмерия женская	374
4886467	Парфюмерия мужская	123
4385	Парфюмерная вода	6231
397231	Парфюмерный набор	932
344548	Пассатижи (шарнирно-губцевый инструмент)	403
1280112	Паста	153
504847	Пастель	238
99702	Пастила	148
4844332	Пасты ореховые, шоколадные.	31
30792	Пасха	1155
4990260	Пати бум	62
24427	Паштет	2239
461458	Паяльник	84
423091	Пеленки	129
40673	Пельмени, манты, хинкали, варенники	5777
5053523	Пемза	206
2588	Пена для ванн	1428
505258	Пена монтажная	402
505309	Пенал	6514
321269	Пепельница	312
441941	Перевязочные средства	1183
3230944	Переключатель пакетный	74
1804867	Переноски для грызунов	4
3300794	Периодические издания	12539
3231341	Перчатка термоусаживаемая	20
1804930	Перчатки	544
3231368	Перчатки защитные	118
506655	Перчатки медицинские	438
270958	Перчатки хозяйственные	965
1714214	Петли дверные	156
36536	Печатная продукция	8604
21865	Печенье	13118
1200469	Печное литье	11
506982	Печь СВЧ	375
22186	Пиво	18709
388742	Пижама	698
373519	Пижама для девочек	91
384626	Пижама для мальчиков	69
3674178	Пижамы,сорочки	503
329590	Пикник	1717
4839308	Пила циркулярная	2
180938	Пилинг	89
336187	Пилка маникюрная	552
495925	Пинг-понг	40
180633	Пинцет	21
104198	Пирог	280
271140	Пирожки, пончики, чебуреки	188
271083	Пирожное	1939
3640867	Пирожное бисквитное охлаждённое	24
36615	Пиротехника	2442
3226889	Пистолет клеевой	8
4885591	Пистолеты для пены и герметиков, степлеры	16
300479	пистолеты-распылители	78
29503	Пицца	1278
881195	Плавание	153
793474	Плавки	438
507397	Плакат	216
507410	Планинг	572
503286	Планшет	49
2732080	Планшетные ПК	235
507644	Пластика	673
149101	Пластилин	1456
364057	Пластырь	2232
508184	Платки бумажные	552
3654472	Платки носовые	9
794720	Платье	264
3621500	Платья, сарафаны	331
2253157	Плащ	56
33316	Плед	654
206254	Плеер	427
217442	Пленка	62
33234	Пленка пищевая	157
795104	Плинтус	387
453190	Плита газовая	169
544623	Плита электрическая	192
1285964	Плитка строительная	308
508443	Плойка	83
2744073	Плоттер	18
3231626	Площадка самоклеющаяся под хомут	8
299304	Поводки для животных	1504
495775	Погремушка детская	921
778358	Подарки для мужчин	12
271328	Подарок новогодний	2830
5048403	Подарочные издания	429
360621	Подарочный набор	7101
391688	Подводка для век	1201
4991624	Подводка сантехническая гибкая	175
458	Подгузники	3606
25366	Подгузники для взрослых	347
3649594	Поддоны и балконные ящики	41
322204	Поднос	752
3617321	Подогреватель сидений	21
3606670	Пододеяльник	39
509689	Подсвечник	1562
509770	Подставка бытовая	1932
497087	Подставка канцелярская	476
1812802	Подстилки, салфетки	113
20806	Подушка	511
510130	Поильник детский	99
510151	Покрытие настольное	102
4881255	Полка	554
510310	Полотенца бумажные	1092
510331	Полотенце	7619
4972430	Полотенцесушитель	65
784932	Полуботинки	42
144932	Полуфабрикаты	2338
37680	Полуфабрикаты кондитерские	33
1180491	Полуфабрикаты мясные	2645
39904	Полуфабрикаты овощные замороженные	859
3615359	Полуфабрикаты овощные свежие	77
3651345	Полуфабрикаты фруктовые свежие	24
1069	Помада губная	17314
309393	Помпы, компрессоры, фильтры для аквариума	220
2254519	Пончо	36
199047	Попкорн	2172
511109	Порог	256
172597	Портвейн	205
211209	Портмоне	298
511452	Портфель	239
130	После бритья	2214
17407	Постельное белье	5026
2326327	Посттреники	5
3231374	Посты кнопочные ПКЕ	39
119993	Посуда для специй	1237
309770	Посуда жаропрочная	11
2420630	Посуда кухонная	17979
18634	Посуда одноразовая	1573
178768	Посуда стеклянная	349
38328	Посуда столовая, предметы сервировки	7207
511555	Посудомоечная машина	13
2421794	Почва	389
601806	Предметы содержания животных	670
4884164	Предметы ухода за/б и детьми	56
3225594	Предохранители ППНН	65
3231725	Предохранитель	250
2279908	Предтреники	25
108335	Презервативы	2316
312174	Премиксы для животных	24
4985058	Премиксы для с/х животных	2
1694057	Преобразователи частоты (ПЧ) и Устройства плавного пуска (УПП)	122
3605140	Преобразователь напряжения автомобильный	33
2463386	Препараты для лечения алкоголизма, никотиновой зависимости	11
4970431	Препараты железа	8
297642	Препараты, лекарства для аквариума	177
23559	Пресервы	3001
3610177	Пресервы морепрод.	94
3607326	Пресервы рыбные	471
3231890	Пресс-клещи	8
1815755	Приборы для чистки аквариумов	54
529652	Приборы измерительные электрические	175
309069	Принадлежности для дрессуры	10
214944	Принтер	563
30882	Приправы и специи	11101
381998	Присыпка детская	378
322553	Прищепки	74
443493	Пробиотики, бактерийные препараты	76
3948169	Провод высоковольтный автомобильный	55
3753839	Провод стартовый автомобильный	42
3231901	Провода самонесущие изолированные для ЛЭП	10
28312	Продукты быстрого приготовления	2562
330591	Продукты питания	196149
928398	Проектор	51
3231912	Прожектор	58
512354	Проигрыватель	68
271932	Прокладки женские	3781
995415	Прокладки урологические	42
5014099	Прокладки, манжеты, кольца, лючки сантехнические	146
4884432	Прописи	139
512712	Прорезыватель детский	235
3765211	Проростки	29
3606675	Простыня	142
279312	Протеиновая сыворотка	68
279316	Протеиновые комплексы	265
330554	Противень	283
3608468	Противень для запекания	472
2422433	Противоаллергические	40
443298	Противоастматические	66
441260	Противовирусные наружного применения	171
4814017	Противовирусные, иммуномодуляторы	127
4904613	Противовоспалительные	24
397902	Противовоспалительные НПВС внутренние	271
441955	Противовоспалительные НПВС наружные	78
2418082	Противовоспалительные НПВС Обезболивающие, жаропониж. спазмалитики	99
510410	Противовоспалительные стероидные внутренние	7
439870	Противовоспалительные стероидные наружные	175
5032426	Противогеморроидальные	2
4955292	Противогрибковые	28
442944	Противогрибковые внутреннего применения	165
442055	Противогрибковые наружного применения	82
441994	Противодиабетические (гипогликемические)	79
444804	Противозачаточные гормональные (внутр)	19
460129	Противозачаточные наружного применения	13
362333	Противокашлевые (бронхолитики, секретолитики...)	407
4907025	Противоконгестивное	3
4885155	Противомикробное ср-во, антибактер.	14
332173	Противоопухолевые, радиопротекторы	13
4973810	Противопаразитарное ср-во	6
4955295	Противопаркинсоническое ср-во	2
442918	Противопедикулезные	22
4969664	Противоподагрическое средство	2
442643	Противопростудные, противогриппозные (комбинир)	181
459349	Противорвотные	19
4955328	Противосудорожное ср-во	1
450886	Противоязвенные	107
1367334	Профессионально-бытовые игровые наборы	431
4882008	Прочие	244
3231996	Пружины ПРПД	8
717566	Прыгуны	106
804438	Пряжа	150
5	Пряник	2340
2416902	Психотропные, антидепрессанты, противопаркенс, противосудорожные	55
38685	Птица замороженная	217
3944415	Птица маринованная	1
100955	Птица охлажденная	54
3607126	Птица разделанная	930
3673186	Птица тушка	420
272015	Пудра	3583
981464	Пульт дистанционного управления	141
3231785	Пульты кнопочные ПКТ	12
3232070	Пускатели ручные кнопочные	50
3231652	Пускатели электромагнитные ПМ12	84
5063082	Пуско-зарядные устройства, преобразователи напряжения	8
1360926	Пускорегулирующая аппаратура	282
109956	Пылесос	664
52883	Пюре детское	1366
2255231	Пюре детское мясное и рыбное	28
2255233	Пюре детское овощное и фруктовое	227
368509	Пятновыводитель	295
2750348	Радар-детектор	74
5066280	Радиатор сантехнический	224
206249	Радиоприемник	184
178797	Радиостанция	36
3610450	Разветвители прикуривателя	47
272108	Разделитель листов	116
3230666	Разрядник	34
3232172	Разъем	50
3224567	Разъем электрический промышленный	56
3948166	Разъем электрический силовой	104
3948168	Рамка автомобильная	77
806296	Рамка электромонтажная	1255
441241	Ранозаживляющие, повыш регенерацию	127
517324	Рапидограф	66
457262	Раскраска	4684
514467	Расписание уроков	128
320101	Распылитель для аквариума	82
3232552	Рассеиватели для светильников	54
342378	Раствор для контактных линз	152
225979	Растворитель	325
2506018	Растворитель фармакологический	673
4933675	Растворы для инфузий	14
1817984	Растения искусственные	407
4906292	Растительные пр-ты	17
214365	Расческа	1723
503406	Регистратор офисный	1049
451077	Регуляторы эректильной дисфункции	100
498142	Резак для бумаги	29
515227	Резинка банковская	150
515241	Резинка для волос	863
449222	Рекламные материалы	56
808848	Реле	374
3223939	Реле времени	100
3223915	Реле контроля напряжения	30
3233024	Реле контроля уровня	10
3225651	Реле контроля фаз	6
3232213	Реле промежуточное	128
3231776	Реле токовое электронное	31
3233617	Реле электротепловое	72
3808896	Ремонт колесных шин и шиномонтаж	26
331155	Репеллент	423
1118103	Ресницы накладные	333
3226857	Ретро изолятор	25
3232868	Ретро провод	62
515377	Решетка вентиляционная	160
515452	Решетка для водостока	13
23967	Рис	1368
810458	Розетка телефонная	61
515770	Розетка электрическая	1746
3233498	Розетки на DIN-рейку (РД-47, РАр10)	4
111587	Ром	1636
2074200	РОСМЭН	639
2256464	Рубашка	1071
3625969	Рубашки/сорочки	89
3232999	Рубильник	74
712988	Рукоделие	847
272370	Рулет кондитерский	903
516315	Рулетка	194
2439	Румяна	2016
2226383	Русский стиль	47
20596	Ручки	1250
20582	Ручки гелевые	2211
237113	Ручки капиллярные	198
811875	Ручки масляные	16
262640	Ручки перьевые	288
179022	Ручки подарочные	108
517326	Ручки роллеры	250
179066	Ручки шариковые	6216
115797	Рыба	7074
2228882	Рыба горячего копчения	114
97152	Рыба живая и охлажденная	290
3609100	Рыба замороженная	1000
36625	Рыба копченая	97
22645	Рыба соленая	1380
1661897	Рыба сушеная вяленая	642
263557	Рыба холодного копчения	622
562237	Рыбалка	455
1819807	Рыбная гастрономия фасованная	316
36552	Рыбные полуфабрикаты	269
241617	Рыболовные аксессуары	317
242079	Рыболовные крючки	43
241571	Рыболовные поплавки	100
241981	Рыболовные приманки	1083
518698	Рюкзак (ранец)	4665
3605840	Ряженка	1026
2228248	Садовые предметы интерьера	1273
33235	Садовый инвентарь	1003
3610740	Саженцы	694
172638	Саке	202
273176	Салат	2112
323381	Салатник	5927
3613520	Сало	7
1276	Салфетки	9193
499	Салфетки влажные	3320
340956	Салфетки детские	429
520370	Салфетки медицинские	14
1302935	Самокат	37
520539	Саморез	2230
2506071	Санки	299
278405	Сантехника	2227
3612913	Сапоги резиновые	117
40988	Сахар	1973
521883	Сахарница	1081
5113779	Сборник головоломок	101
297907	Сварочные аппараты и принадлежности	120
521980	Сверло	1263
344338	Сверло по бетону	299
238059	Сверло по дереву	296
344177	Сверло по металлу	628
232164	Светильник	10907
3225600	Светильник LED	234
3233986	Светильник аварийный	9
3233999	Светильник вандалоустойчивый	4
3234006	Светильник взрывозащищенный	9
3234018	Светильник встраиваемый	153
3234183	Светильник декоративный	32
3233996	Светильник настольный	103
3233893	Светильник садово-парковый	358
314252	Светильники и лампы для аквариума	144
1661846	Светосигнальная арматура	663
3900482	Свеча зажигания	218
14599	Свечи	5314
4829069	Свечи, мази, гели, кольцо, спирали	23
3670541	Свинина тушеная	16
2229870	СВСД	31
1183003	Сезонный товар	144
179159	Сейфы, шкафы металлические	92
2952721	Секатор	227
3612234	Сельдь	287
324395	Семена	21291
328051	Семена газонная трава	8
3619917	Семена и луковичные	3690
4973411	Семена луковичные	178
4973929	Семена Овощи	513
4990039	Семена цветы	398
1305382	Семечки	2063
1823401	Сено, опилки для грызунов	19
2753371	Серверные аксессуары	2
326170	Сервиз	499
261150	Сервировка вина	79
439923	Сердечно-сосудистые (Антиаритмики, нитраты, антисклеротич)	211
4905524	Сердечно-сосудистые пр-ты	172
2418096	Сердечные, гипотензивные	282
179163	Сертификат-бумага	9
225649	Сетевое оборудование и кабели	10
2716099	Сетевые и интерфейсные шнуры	417
2713945	Сетевые карты	6
116798	Сигареты	19538
3618868	Сигареты электронные	183
522896	Сигариллы	876
347382	Сигары	1139
3611060	Сидр	231
825927	Сироп	499
1662816	Сиропы, конфитюры диабет	1
2716840	Система видеонаблюдения	88
5092787	Система водоснабжения, радиаторного и напольного отопления PE-Xa	3
2765679	Система охлаждения для цифровой техники	211
238162	Системный блок	35
4834672	Системы видеонаблюдения	74
4990030	Сифоны сантехнические, гофры	263
826246	Скакалка	45
215115	Сканер	116
523282	Скатерть	2906
523324	Скейтборд	90
3235445	Скоба монтажная	17
1201379	Скобяные изделия	1552
326370	Сковорода	4884
326569	Скороварка	25
235562	Скоросшиватель	1032
228291	Скотч	585
16248	Скраб	826
495109	Скрепки	505
439825	Слабительные и ветрогонные	76
144731	Слабоалкогольные напитки	3589
1373122	Сливки взбитые	73
510461	Слюнявчик детский	8
274160	Смазка техническая	563
1719834	Смартфон	268
55864	Смеси детские	167
232258	Смеситель сантехнический	1405
3605664	Смесь сухофруктов и орехов	138
99618	Сметана	3161
260335	Снэки	2763
483064	Снэки кукурузные	746
37056	Снэки рыбные и мясные	1874
4959887	Согревающие мази,горчичники	9
118900	Сода	23
38982	Соевые продукты	303
38459	Соевые продукты сухие диабет	84
5037961	Соединительные части трубопроводов	36
5047132	Соединительные элементы зажимные для стальных труб	21
300407	Соединяющие	299
17374	Сок	19852
497666	Сок детский	496
524464	Соковыжималка	323
3687183	Соломка, хлебные палочки	40
24365	Соль	689
3855	Соль для ванн	1766
372564	Сорочка	1761
830025	Сорочка женская	274
430438	Сорочка мужская	1514
1824443	Сорочка ночная	183
113685	Сосиски, сардельки	4281
513167	Соска детская	1593
3608814	Соска детская для бутылочки	223
2417668	Сосудистые, статины	119
4933673	Сосудистые,статины	6
4891112	Сосудо-суживающие (капли в нос)	38
326700	Сотейник	332
545856	Соус	9429
453365	Спазмолитики, холецистолитики	106
279363	Специальные продукты	454
525177	Спираль внутриматочная	22
4984987	Спиртовые р-ры	11
4881241	Спицы вязальные	256
39891	Спички	118
550638	Спорт	5397
278582	Спорт и отдых	461
1807611	Спортивное питание	136
5049351	Справочная литература	15
442891	Средства влияющие на метаболизм (антиоксиданты)	8
454454	Средства влияющие на мускулатуру матки	1
659327	Средства для аквариумной воды	98
1105	Средства для бритья	3333
901504	Средства для бровей	61
1444039	Средства для глажения	30
357991	Средства для завивки	10
442265	Средства для лечения отитов, ушные капли	20
4955326	Средства для лечения простатита, аденомы	46
584955	Средства для лечения/Растения	26
443311	Средства заместительной терапии прочие (K,Ca,Mg,F...)	113
309084	Средства защиты растений	122
332767	Средства коррекции фигуры, регуляторы аппетита	41
318069	Средства от болезней растений	13
441199	Средства от синдрома похмелья	63
297516	Средства против грызунов	163
102	Средства против насекомых	1148
749170	Средства содержания/Комплексное	2
439693	Средства улучшающие пищеварение (ферменты...)	87
591720	Средства ухода за животными	49
2260116	Средство для мытья полов	173
274405	Средство для мытья посуды	3470
521821	Средство для мытья стекол	452
525385	Средство для обработки дерева	254
181424	Средство для посудомоечных машин	347
163	Средство для стирки	4720
366026	Средство для умывания	453
180898	Средство для ухода за изделиями из кожи	21
348632	Средство от укусов насекомых	40
3235660	Стабилизатор напряжения	34
773402	Стакан	2415
1351411	Стакан-непроливайка	62
344414	Стамеска	169
278768	Станки бритвенные	1550
832274	Статуэтка	857
3614934	Стеклоомыватель	114
332038	Стельки	833
2615775	Стемпинг	24
526118	Стержень для ручки	413
832787	Стержень для ручки шариковый	353
526419	Стикер	18
526431	Стиральная машина	136
235	Стиральный порошок	4861
833493	Стол	47
1826439	Столовое белье	98
226976	Столовые приборы	432
456136	Столярные изделия	762
180538	Стразы	62
615329	Строительные материалы	814
344725	Струбцина	80
3948178	Стул	309
4904020	Стяжка для кабеля	53
1226940	Субпродукты	59
3541537	Сувенир	9059
834419	Сувенир полистоун	190
331590	Сувенирное оружие	49
2221949	Сувениры пасхальные	282
4978182	Сульфаниламиды	3
527220	Сумка	2655
527321	Сумка детская	235
3235801	Сумка для инструментов	6
527395	Сумка для ноутбука	358
527416	Сумка для обуви	1074
527492	Сумка дорожная	27
527494	Сумка женская	444
527297	Сумка молодежная	743
2765683	Сумки и чехлы для электронных устройств	1584
3210952	Суп	1749
3610619	Суп быстрого приготовления	805
1316161	Сухари панировочные	218
676644	Сухари, сушки, баранки	1687
1202446	Сухарики	2127
1827197	Сухие напитки	46
25936	Сухофрукты	1957
383145	Суши	79
527924	Сушилка бытовая	929
177948	Сушилка для рук	6
527965	Сушильные машины	6
3235818	Счетчик электроэнергии	33
5083587	Счетчики, КИП	10
574475	Считыватели карт (картридеры)	63
3917988	Съемники стопорных колец	5
391607	Сыворотка для волос	145
142810	Сыр	7231
76203	Сыр мягкий	867
3545748	Сыр плавленый	2768
2260623	Сыр рассольный	111
3614808	Сыр с плесенью	25
2238224	Сыр свежий	103
124690	Сыр твердый и полутвердый	1172
2260630	Сыр творожный	188
2260702	Сыр элитный из козьего и овечьего молока	28
2260614	Сыр элитный фасованный	100
1318164	Сырок	2200
3767116	Сырок глазированный	59
336038	Табак	1063
38814	Табакокурение	1067
1714427	Таблички и вывески	1013
327218	Таз	1078
3235912	Таймер	55
278661	Тампоны женские	749
837370	Тапочки	741
327266	Тарелка	6508
839217	Тарталетки	164
496652	Тату	39
3005387	Творог	376
38969	Творог и творожные	5395
3625331	Творог упакованный продающийся на вес (2)	7
1319873	Творожок	95
1356639	Творчество	2431
25959	Текила	1440
17402	Текстиль для дома	2557
515734	Текстурное покрытие	59
839788	Телевизор	696
1522725	Телекоммуникационные системы	2
632983	Телефон мобильный	434
167368	Телефоны и факсы	436
1249	Тени для век	9499
4998910	Теплица	4
529179	Тепловентилятор	201
5000898	Теплоизоляция	55
5086334	Теплоноситель	17
1484381	Теплый пол	205
327595	Терка	81
840786	Термобелье	181
309573	Термометр	641
3552571	Термопот	146
529461	Термос	1404
841204	Термостат	33
595894	Террариум	30
353407	Тест беременности и овуляции	397
128690	Тесто	424
3610531	Тесто замороженное	140
179452	Тетрадь	20144
507558	Тетрадь дизайнерская	14
179679	Тетрадь для нот, дневник для муз. школы	140
179720	Тетрадь предметная	2617
530775	Тетрадь специальная	27
2220725	Технопарк	412
149195	Товары для вечеринок	650
337447	Товары для душа и ванны	3308
3605276	Товары для кемпинга	987
3620858	Товары для кошек	151
140298	Товары для праздника	1409
561877	Товары для садоводства	2643
3617088	Товары для собак	293
331156	Товары для художников	22140
4806318	Товары ТВ-Шоп	19
3633123	Толстовка	615
1280129	Томатная паста	1601
3610496	Томаты консервированные	246
1833118	Тональное средство	638
533906	Тоник для лица	192
487628	Тонометр	455
388788	Топ женский	105
907802	Топливо	747
344427	Топор	278
276025	Тормозная жидкость	122
476443	Торт	8253
534121	Торт вафельный	480
3923521	Тосол	111
534262	Тостер	204
534278	Точилка для карандашей	1062
534287	Точилка для косметических карандашей	54
4862257	Точилка для ножей	148
637982	Транспортировка детей	403
303859	Транспортировка и складирование	64
3230741	Трансформатор понижающий	57
3235841	Трансформатор тока	318
534730	Трансформатор электрический	85
4991152	Трапы, врезки, ливнеотводы	114
495336	Трафареты, лекала	183
733438	Трикотаж верхний	48
535118	Триммер	50
5092767	Трос сантехнический	13
5011695	Труба	7
3230105	Трубка монтажная термоусаживаемая	474
34242	Трубочки для коктейля	185
4990545	Трубы и обжимные фитинги ПНД	156
4988187	Трубы и фитинги с термосоединением PPRC	403
5006272	Трубы, краны, фитинги	199
17628	Трусы	5348
334684	Трусы для девочек	352
347445	Трусы для мальчиков	330
361002	Трусы женские	9188
430347	Трусы мужские	5311
535340	Тряпка для пола	265
1039	Туалетная вода	21558
294284	Туалетный утенок	38
314142	Туалеты, совки	346
535836	Тубус	19
1836865	Тумба для аквариума	18
4874624	Туника	339
145188	Туризм	170
849535	Туфли	1286
535866	Тушь	128
5093903	Тушь для бровей	22
2472	Тушь для ресниц	3365
3568149	Уайт-спирит	135
179868	Увлажнители для пальцев	21
3614638	Увлажнитель воздуха	34
2494899	Уголь художественный	2
241624	Удилища	38
536378	Удлинитель антенный	17
536231	Удлинитель электрический	1855
276445	Удобрения	1826
536460	Указка	8
542785	Украшение новогоднее	16552
1837031	Украшения для животных	123
26041	Уксус	1366
4850046	Ультрабук	8
2229862	Умка	507
3604469	Умный дом	22
3608219	Упаковка	1110
287296	Упаковка подарочная	4656
330599	Уровень	370
445741	Урологические (выводящие мочевые конкременты...)	35
4885156	Урологические, мочегонные	3
5003242	Устройства ввода	8
1216042	Утеплитель	11
131927	Утюг	1158
28	Уход за волосами	9797
337649	Уход за детьми	9330
203	Уход за зубами и ртом	1816
594	Уход за обувью	1748
443664	Уход за оргтехникой	84
4969322	Учебник	7880
5034941	Учебник Алгебра	18
4916869	Учебник Английский язык	1219
4977351	Учебник Астрономия	15
4975041	Учебник Биология	391
4992626	Учебник География	386
4993034	Учебник Геометрия	29
5010126	Учебник изобразительное искусство	108
4882229	Учебник Иностранный язык	102
4980526	Учебник информатика	180
4973789	Учебник Испанский язык	32
4971125	Учебник История	490
5104699	Учебник литература	444
4884492	Учебник Математика	1873
5077285	Учебник Музыка	104
4884437	Учебник Начальная школа	925
4887499	Учебник Немецкий язык	220
5046911	Учебник ОБЖ	49
4976414	Учебник Обществознание	215
4981506	Учебник Окружающий мир	407
5062900	Учебник Право	8
4884522	Учебник Русский язык	1260
5066229	Учебник Технология	172
4977187	Учебник Физика	268
5099038	Учебник Физическая культура	31
5099449	Учебник Финансовая грамотность	15
4977213	Учебник Французский язык	101
4881675	Учебник Химия	237
4994500	Учебник Художественный труд	7
5104708	Учебник Черчение	9
4979746	Учебник Экономика	27
4980476	Учебный тренажер	150
536784	Файлы	110
537031	Фартук, нарукавники	457
36444	Фен	1158
3230129	Фен технический	2
1726736	Феникс ( ПФ Невская Трапеза ЗАО)	7
537210	Фигурка декоративная	1545
1364437	Фигурки, роботы, животные	958
2496079	Фиксатив	10
3934319	Фильтр воздушный	174
179917	Фильтр для воды	365
1402154	Фильтр для кофе	40
537299	Фильтр для пылесоса	19
3620768	Фильтр масляный	158
3934490	Фильтр салона автомобиля	13
536405	Фильтр сетевой	363
3933148	Фильтр топливный	88
5018015	Фильтры грубой очистки	24
3616373	Финики	20
3605455	Фисташки	70
4985153	Фитинг	104
4972422	Фитинг резьбовой	496
276607	Фиточай	1629
21717	Фломастеры	2982
713210	Фокусы	66
33227	Фольга	539
496348	Фольга цветная	34
181344	Фонарь	2363
538831	Форма кулинарная	2393
133309	Фотоальбом	2542
179988	Фотобумага	372
1346833	Фотовспышка	15
180003	Фотокамеры и аксессуары	312
928436	Фотообъектив	96
240396	Фотопленка	50
33611	Фоторамка	4314
3225141	Фотореле	11
4874626	Френч-пресс	366
988413	Фрукты и овощи	357
36707	Фрукты свежие	488
3637019	Фрукты экзотические	97
4992450	ФУМ, лён, уплотнит.пасты,герметики,пены	48
337253	Фумигатор	245
2506068	Фурнитура	576
704834	Фурнитура дверная	160
266714	Фурнитура для штор	126
462703	Футбол	89
857677	Футболка	9227
371816	Футболка для девочек	238
383633	Футболка для мальчиков	267
386769	Футболка женская	1593
430402	Футболка мужская	1137
1840203	Футляр для телефона	138
1840215	Футляр для фотокамеры	185
539699	Футляры для ручек	14
2765720	Фуфайка	4484
859152	Халат	733
329006	Халва	613
1336849	Херес	33
938857	Химико-маскательные товары	282
379625	Химическая завивка	35
558225	Хлеб	5127
3914477	Хлеб зерновой	8
3780861	Хлеб пшеничный	50
3914486	Хлеб ржано-пшеничный	19
3914523	Хлеб этнический	10
1709997	Хлебница	425
40119	Хлебо-булочные изделия	2147
539857	Хлебопечь	81
49503	Хлебцы	1481
539918	Хна	179
2762787	Ходунки	68
3536	Хозяйственные товары	13911
462696	Хоккей	69
452773	Холодильник	252
186980	Холодный чай	971
540146	Холст художественный	451
1710098	Хомут	791
3939131	Хомут автомобильный	3
3226775	Хомут монтажный	237
2429412	Хондропротектор	72
143343	Хрен	390
1351563	Цветы	152
3610735	Цветы горшечные	932
1351413	Цветы искусственные	417
3610738	Цветы срезанные	372
1292247	Цемент	39
1841610	Цепи, тросы	7
540564	Цикорий	492
233721	Циркуль	226
330564	Цифровая техника (неклассифицированные)	7245
439945	ЦНС Аналептики, противосудорожные	272
439920	ЦНС Седативные и снотворные	412
21794	Чай	24182
135886	Чай детский	128
541137	Чайник	6838
3613148	Чайник заварочный, кофейник	90
871514	Чайный набор	2398
2506298	Чайный напиток	494
295931	Часы	1476
329250	Часы песочные	39
329236	Чашка	1073
443666	Чернила	26
214972	Чернила для принтера	331
2011058	Чехол для одежды	257
18673	Чипсы и снэки	7737
6693	Чистящие моющие средства	5881
330539	Чулки	1132
2206	Чулочно-носочные изделия	1965
541713	Шайба	134
3237950	Шайбы монтажная	10
1412	Шампунь	18174
1382789	Шампунь детский	176
345236	Шампунь для животных	828
865398	Шарф	967
179821	Шары воздушные	954
434842	Швабра	1496
285832	Швейные принадлежности	116
3622376	Шейка	191
2496499	Шейкер	33
542923	Шило	14
2275302	ШиШ	92
329651	Шкатулка	831
3948177	Шкаф	218
1360876	Шкафы и принадлежности	89
3223912	Шкафы и щиты (корпуса) для НВА	632
3605381	Школьная галантерея	404
543020	Шланг	338
1844469	Шлейка	579
2273006	Шляпа	133
451035	Шнур бытовой	613
432303	Шнурки для обуви	415
19677	Шоколад	11418
3604888	Шоколад фигурный	1041
29993	Шоколадная паста	273
3607322	Шоколадный батончик	772
867954	Шорты	2189
365794	Шорты женские	144
384231	Шпаклевка	240
330610	Шпатель	612
543585	Шпатлевка	302
3607426	Шпиг	144
2274861	Шприц инсулиновый	260
543617	Шприц медицинский	365
3945372	Шприц плунжерный	6
3619474	Шпроты	873
543671	Шредер	243
330102	Штопор	395
434427	Штора для ванной комнаты	756
33381	Шторы	504
3617283	Шторы автомобильные солнцезащитные	12
543843	Штукатурка	145
3238428	Шуруповерт	188
543871	Шурупы	451
211737	Щетка для волос	742
544138	Щетка для обуви	110
544232	Щетка для одежды	233
1414878	Щетка стеклоочистителя	764
544137	Щетка хозяйственная	706
544355	Щипцы для волос	332
869759	Щит распределительный	221
3230861	Щиток электрический осветительный	3
3634280	Экибана	21
3607755	Эл. игры и игрушки	134
2506045	Электродвигатель	169
241498	Электроды	85
4857881	Электроинстументы/Станки заточные (точило)	2
686230	Электронные компоненты	635
297628	Электрооборудование	24617
3835964	Электроподогреватель	21
278327	Электротовары	902
3223907	Электроустановочные аксессуары	324
3224037	Электроустановочные изделия	854
3233796	Электрощит в сборе	47
3238736	Электрощитовой ящик с блоком рубильник-предохранитель	5
482588	Эмаль	3501
296462	Эмаль алкидная	525
5036486	Энциклопедия	112
545353	Эпилятор	170
870814	Эспандер	102
2765684	Этажерка	358
545503	Этикетки, этикет лента	398
5113127	Эхолот	7
871043	Юбка	2509
3647474	Ягоды	109
2230206	Ягоды замороженые	131
2228838	Ягоды свежие	38
142624	Яйцо	449
3668495	Яйцо куриное	901
3737152	Яйцо перепелиное	77
180158	Ящик для денег	12
344013	Ящик для инструментов	215
